name,price,sizeInCm,sizeInInch
"POCO F6 5G (Black, 256 GB)",31999,16.94,6.67
"POCO F6 5G (Titanium, 256 GB)",29999,16.94,6.67
"Motorola G34 5G (Ocean Green, 128 GB)",11999,16.51,6.5
"Motorola G34 5G (Charcoal Black, 128 GB)",11999,16.51,6.5
"POCO M6 Pro 5G (Power Black, 128 GB)",9999,17.25,6.79
"POCO M6 Pro 5G (Forest Green, 128 GB)",9999,17.25,6.79
"POCO F6 5G (Black, 256 GB)",29999,16.94,6.67
"POCO F6 5G (Titanium, 512 GB)",33999,16.94,6.67
"Motorola G34 5G (Ice Blue, 128 GB)",11999,16.51,6.5
"POCO C65 (Pastel Green, 128 GB)",6799,17.12,6.74
"POCO F6 5G (Titanium, 256 GB)",31999,16.94,6.67
"Motorola g64 5G (Ice Lilac, 128 GB)",14999,16.51,6.5
"POCO C65 (Matte Black, 128 GB)",6799,17.12,6.74
"POCO C65 (Pastel Blue, 128 GB)",6799,17.12,6.74
"vivo T3x 5G (Crimson Bliss, 128 GB)",14999,17.07,6.72
"vivo T3x 5G (Celestial Green, 128 GB)",16499,17.07,6.72
"vivo T3x 5G (Celestial Green, 128 GB)",14999,17.07,6.72
"vivo T3x 5G (Crimson Bliss, 128 GB)",16499,17.07,6.72
"POCO C61 (Diamond Dust Black, 128 GB)",6999,17.04,6.71
"MOTOROLA g24 Power (Ink blue, 128 GB)",7999,16.76,6.6
"OnePlus Nord CE 3 Lite 5G (Chromatic Gray, 256 GB)",18221,17.07,6.72
"OnePlus Nord CE 3 Lite 5G (Pastel Lime, 256 GB)",18157,17.07,6.72
"Motorola g64 5G (Mint Green, 128 GB)",14999,16.51,6.5
"POCO M6 5G (Galactic Black, 256 GB)",10499,17.12,6.74
"realme C51 (Carbon Black, 64 GB)",7999,17.12,6.74
"vivo T3x 5G (Celestial Green, 128 GB)",13499,17.07,6.72
"realme C51 (Mint Green, 128 GB)",9199,17.12,6.74
"OnePlus Nord CE 3 Lite 5G (Pastel Lime, 128 GB)",16332,17.07,6.72
"OnePlus Nord CE 3 Lite 5G (Chromatic Gray, 128 GB)",16337,17.07,6.72
"realme C51 (Mint Green, 64 GB)",7999,17.12,6.74
"Motorola Edge 50 Fusion (Hot Pink, 256 GB)",24999,17.02,6.7
"POCO C65 (Pastel Blue, 128 GB)",7499,17.12,6.74
"realme C51 (Carbon Black, 128 GB)",9199,17.12,6.74
"Motorola g64 5G (Pearl Blue, 256 GB)",16999,16.51,6.5
"MOTOROLA G04 (Satin Blue, 128 GB)",7999,16.76,6.6
"Motorola g64 5G (Mint Green, 256 GB)",16999,16.51,6.5
"REDMI 13C (Starfrost White, 128 GB)",7699,17.12,6.74
"realme 12x 5G (Twilight Purple, 128 GB)",14999,17.07,6.72
"realme 12x 5G (Woodland Green, 128 GB)",12999,17.07,6.72
"realme 12x 5G (Twilight Purple, 128 GB)",12999,17.07,6.72
"POCO M6 5G (Orion Blue, 256 GB)",10499,17.12,6.74
"Motorola Edge 50 Fusion (Forest Blue, 128 GB)",22999,17.02,6.7
"realme 12x 5G (Woodland Green, 128 GB)",14999,17.07,6.72
"POCO M6 5G (Galactic Black, 128 GB)",9999,17.12,6.74
"POCO C65 (Pastel Green, 128 GB)",7499,17.12,6.74
"REDMI 13C (Starshine Green, 128 GB)",7699,17.12,6.74
"POCO M6 5G (Orion Blue, 128 GB)",9999,17.12,6.74
"Motorola g64 5G (Ice Lilac, 256 GB)",16999,16.51,6.5
"REDMI 13C (Stardust Black, 128 GB)",7699,17.12,6.74
"Motorola Edge 50 Fusion (Marshmallow Blue, 128 GB)",22999,17.02,6.7
"POCO C61 (Ethereal Blue, 128 GB)",6999,17.04,6.71
"realme C53 (Champion Black, 64 GB)",10999,17.12,6.74
"POCO C65 (Matte Black, 128 GB)",7499,17.12,6.74
"Motorola Edge 50 Pro 5G with 68W Charger (Luxe Lavender, 256 GB)",31999,17.02,6.7
"realme C53 (Champion Gold, 64 GB)",10999,17.12,6.74
"realme C53 (Champion Black, 128 GB)",9999,17.12,6.74
"realme C53 (Champion Gold, 128 GB)",9999,17.12,6.74
"realme C53 (Champion Black, 128 GB)",8999,17.12,6.74
"Nokia 105 Single SIM, Keypad Mobile Phone with Wireless FM Radio",1169,4.5,1.77
"MOTOROLA g24 Power (Glacier Blue, 128 GB)",7999,16.76,6.6
"REDMI 13C (Starfrost White, 128 GB)",8499,17.12,6.74
"realme C53 (Champion Gold, 128 GB)",8999,17.12,6.74
"MOTOROLA G04 (Sea Green, 128 GB)",7999,16.76,6.6
"POCO C61 (Mystical Green, 64 GB)",6499,17.04,6.71
"Motorola g64 5G (Pearl Blue, 128 GB)",14999,16.51,6.5
"Motorola G34 5G (Charcoal Black, 128 GB)",10999,16.51,6.5
"vivo T3x 5G (Crimson Bliss, 128 GB)",13499,17.07,6.72
"Motorola G34 5G (Ocean Green, 128 GB)",10999,16.51,6.5
"POCO C61 (Diamond Dust Black, 64 GB)",6499,17.04,6.71
"Motorola G34 5G (Ice Blue, 128 GB)",10999,16.51,6.5
"REDMI 13C (Stardust Black, 128 GB)",8499,17.12,6.74
"POCO M6 5G (Polaris Green, 256 GB)",10499,17.12,6.74
"POCO M6 5G (Polaris Green, 128 GB)",9999,17.12,6.74
"POCO C65 (Pastel Blue, 256 GB)",7999,17.12,6.74
"SAMSUNG Galaxy M14 5G (Smoky Teal, 128 GB)",11499,16.76,6.6
"POCO C61 (Ethereal Blue, 64 GB)",6499,17.04,6.71
"SAMSUNG Galaxy F34 5G (Mystic Green, 128 GB)",12999,16.51,6.5
"Motorola Edge 50 Fusion (Marshmallow Blue, 256 GB)",24999,17.02,6.7
"Motorola Edge 50 Fusion (Hot Pink, 128 GB)",22999,17.02,6.7
"SAMSUNG Galaxy F14 5G (B.A.E. Purple, 128 GB)",11990,16.76,6.6
"MOTOROLA g24 Power (Ink blue, 128 GB)",8999,16.76,6.6
"Motorola Edge 50 Pro 5G with 125W Charger (Black Beauty, 256 GB)",35999,17.02,6.7
"SAMSUNG Galaxy M14 5G (Icy Silver, 128 GB)",11244,16.76,6.6
LAVA A1 Josh BOL Keypad Mobile|1000 mAh Battery|Expandable Storage 32GB,937,4.5,1.77
"REDMI 13C (Starshine Green, 128 GB)",8499,17.12,6.74
"SAMSUNG Galaxy F34 5G (Electric Black, 128 GB)",12999,16.51,6.5
"POCO X6 Neo 5G (Astral Black, 256 GB)",15999,16.94,6.67
"POCO C61 (Mystical Green, 128 GB)",8499,17.04,6.71
"POCO C65 (Matte Black, 256 GB)",7999,17.12,6.74
"SAMSUNG Galaxy F14 5G (GOAT Green, 128 GB)",11990,16.76,6.6
"realme P1 5G (Peacock Green, 128 GB)",15999,16.94,6.67
"SAMSUNG Galaxy F14 5G (OMG Black, 128 GB)",11990,16.76,6.6
"Motorola Edge 50 Pro 5G with 68W Charger (Black Beauty, 256 GB)",31999,17.02,6.7
"SAMSUNG Galaxy F34 5G (Orchid Violet, 128 GB)",12999,16.51,6.5
"Nokia 105 Single SIM, Keypad Mobile Phone with Wireless FM Radio",1295,4.5,1.77
"realme P1 5G (Phoenix Red, 256 GB)",18999,16.94,6.67
"Infinix HOT 40i (Horizon Gold, 256 GB)",8999,16.76,6.6
"Infinix HOT 40i (Starfall Green, 256 GB)",8999,16.76,6.6
"Motorola Edge 40 Neo (Soothing Sea, 128 GB)",22999,16.64,6.55
"vivo T2 Pro 5G (Dune Gold, 256 GB)",23999,17.22,6.78
Kechaoda A26,949,1.68,0.66
"vivo T2 Pro 5G (New Moon Black, 128 GB)",22999,17.22,6.78
"POCO C65 (Pastel Green, 256 GB)",7999,17.12,6.74
"vivo T3 5G (Cosmic Blue, 256 GB)",21999,16.94,6.67
"vivo T3 5G (Crystal Flake, 256 GB)",21999,16.94,6.67
"vivo T2 Pro 5G (New Moon Black, 256 GB)",23999,17.22,6.78
"vivo T3 5G (Cosmic Blue, 128 GB)",19999,16.94,6.67
"vivo T3 5G (Crystal Flake, 128 GB)",19999,16.94,6.67
Nokia 105 ss,1257,4.57,1.8
"Nokia 130 Music Dual Sim, Music Player, Wireless FM Radio and Dedicated Music Buttons",1838,6.1,2.4
"Nokia 105 Single SIM, Keypad Mobile Phone with Wireless FM Radio",1199,4.5,1.77
"REDMI 12 5G (Moonstone Silver, 128 GB)",12499,17.25,6.79
"Nokia 130 Music Dual Sim, Music Player, Wireless FM Radio and Dedicated Music Buttons",1948,6.1,2.4
"Infinix SMART 8 HD (Crystal Green, 64 GB)",6499,16.76,6.6
"Infinix SMART 8 HD (Shiny Gold, 64 GB)",6499,16.76,6.6
"MOTOROLA g24 Power (Glacier Blue, 128 GB)",8999,16.76,6.6
"Nokia 130 Music Dual Sim, Music Player, Wireless FM Radio and Dedicated Music Buttons",1840,6.1,2.4
"MOTOROLA G04 (Sunrise Orange, 128 GB)",7999,16.76,6.6
"REDMI 12 5G (Jade Black, 128 GB)",12499,17.25,6.79
itel Magic X Pro 4G| 2500mAh Big Battery| Expandable Storage upto 64GB,1558,6.1,2.4
"realme P1 5G (Peacock Green, 256 GB)",18999,16.94,6.67
"REDMI 12 5G (Pastel Blue, 128 GB)",12499,17.25,6.79
"Infinix SMART 8 HD (Galaxy White, 64 GB)",6499,16.76,6.6
"Infinix SMART 8 HD (Timber Black, 64 GB)",6499,16.76,6.6
"Infinix HOT 40i (Palm Blue, 256 GB)",8999,16.76,6.6
"realme P1 5G (Phoenix Red, 128 GB)",15999,16.94,6.67
SAMSUNG Guru FM Plus SM-B110E/D,1599,3.81,1.5
"SAMSUNG Galaxy F34 5G (Orchid Violet, 128 GB)",14999,16.51,6.5
"POCO M6 5G - Locked with Airtel Prepaid (Polaris Green, 128 GB)",8549,17.12,6.74
"REDMI 13C 5G (Starlight Black, 128 GB)",10499,17.12,6.74
"SAMSUNG Galaxy F34 5G (Mystic Green, 128 GB)",14999,16.51,6.5
"REDMI 13C 5G (Startrail Silver, 128 GB)",10499,17.12,6.74
"MOTOROLA G04 (Concord Black, 64 GB)",6999,16.76,6.6
itel Magic X Pro 4G| 2500mAh Big Battery| Expandable Storage upto 64GB,1567,6.1,2.4
Nokia 105,1295,4.57,1.8
"Infinix SMART 8 (Shiny Gold, 128 GB)",7999,16.76,6.6
"POCO M6 5G - Locked with Airtel Prepaid (Orion Blue, 128 GB)",8549,17.12,6.74
"Infinix SMART 8 (Rainbow Blue, 128 GB)",7999,16.76,6.6
"vivo T2x 5G (Glimmer Black, 128 GB)",14999,16.71,6.58
"Infinix SMART 8 (Galaxy White, 128 GB)",7999,16.76,6.6
"Apple iPhone 14 Plus (Blue, 128 GB)",58999,17.02,6.7
Motorola Moto A10E,1358,4.57,1.8
"Infinix SMART 8 (Rainbow Blue, 64 GB)",7299,16.76,6.6
"realme P1 5G (Phoenix Red, 128 GB)",16999,16.94,6.67
"Infinix SMART 8 (Galaxy White, 64 GB)",7299,16.76,6.6
"Infinix SMART 8 (Shiny Gold, 64 GB)",7299,16.76,6.6
"realme P1 5G (Peacock Green, 128 GB)",16999,16.94,6.67
"vivo T2x 5G (Glimmer Black, 128 GB)",13700,16.71,6.58
"POCO M6 Pro 5G (Forest Green, 128 GB)",9499,17.25,6.79
"Infinix SMART 8 (Timber Black, 128 GB)",7999,16.76,6.6
"SAMSUNG Galaxy F34 5G (Electric Black, 128 GB)",14999,16.51,6.5
"Infinix HOT 40i (Starlit Black, 256 GB)",8999,16.76,6.6
"Motorola g14 (Steel Gray, 128 GB)",8499,16.51,6.5
"Motorola Edge 50 Pro 5G with 125W Charger (Luxe Lavender, 256 GB)",35999,17.02,6.7
"POCO X6 Neo 5G (Martian Orange, 256 GB)",15999,16.94,6.67
Cellecor X3,970,4.57,1.8
"Infinix SMART 8 (Timber Black, 64 GB)",7299,16.76,6.6
"Apple iPhone 15 (Blue, 128 GB)",64999,15.49,6.1
"REDMI 12 5G (Jade Black, 256 GB)",14499,17.25,6.79
"realme 12 Pro 5G (Navigator Beige, 256 GB)",24999,17.02,6.7
"realme 12 Pro 5G (Submarine Blue, 256 GB)",24999,17.02,6.7
"REDMI 12 5G (Pastel Blue, 128 GB)",11999,17.25,6.79
"POCO M6 5G (Galactic Black, 128 GB)",9249,17.12,6.74
"Infinix SMART 8 HD (Shiny Gold, 64 GB)",6999,16.76,6.6
"Motorola g84 5G (Viva Magenta, 256 GB)",18999,16.64,6.55
"vivo T2x 5G (Black Gladiator, 128 GB)",14999,16.71,6.58
"vivo T2x 5G (Black Gladiator, 128 GB)",11999,16.71,6.58
"vivo T2x 5G (Marine Blue, 128 GB)",11999,16.71,6.58
"vivo T2x 5G (Aurora Gold, 128 GB)",14999,16.71,6.58
"vivo T2x 5G (Marine Blue, 128 GB)",14999,16.71,6.58
"vivo T2x 5G (Sunstone Orange, 128 GB)",11999,16.71,6.58
"REDMI 13C 5G (Startrail Green, 128 GB)",10499,17.12,6.74
"MOTOROLA G04 (Satin Blue, 64 GB)",6999,16.76,6.6
"Apple iPhone 14 Plus (Starlight, 128 GB)",58999,17.02,6.7
"realme 12 Pro 5G (Navigator Beige, 128 GB)",21999,17.02,6.7
"vivo T2x 5G (Aurora Gold, 128 GB)",11999,16.71,6.58
"Infinix Smart 8 Plus (Timber Black, 128 GB)",7799,16.76,6.6
itel Magic X Pro 4G| 2500mAh Big Battery| Expandable Storage upto 64GB,1566,6.1,2.4
"POCO M6 Pro 5G (Power Black, 128 GB)",9499,17.25,6.79
"Motorola Edge 40 Neo (Soothing Sea, 256 GB)",24999,16.64,6.55
Kechaoda K112,1549,6.1,2.4
"realme 12 Pro 5G (Submarine Blue, 256 GB)",26999,17.02,6.7
"REDMI 12 (Jade Black, 128 GB)",9499,17.25,6.79
"realme 12 Pro 5G (Submarine Blue, 128 GB)",21999,17.02,6.7
"Apple iPhone 14 Plus (Purple, 128 GB)",58999,17.02,6.7
"REDMI 12 (Moonstone Silver, 128 GB)",9999,17.25,6.79
"realme P1 Pro 5G (Parrot Blue, 256 GB)",22999,17.02,6.7
"Apple iPhone 14 Plus (Midnight, 128 GB)",58999,17.02,6.7
"Infinix Smart 8 Plus (Galaxy White, 128 GB)",7799,16.76,6.6
"Infinix Smart 8 Plus (Shiny Gold, 128 GB)",7799,16.76,6.6
"REDMI 13c 5G (Startrail Green, 128 GB)",10099,17.12,6.74
"realme C65 5G (Feather Green, 64 GB)",10499,16.94,6.67
"realme P1 Pro 5G (Phoenix Red, 128 GB)",18999,17.02,6.7
"REDMI 13c 5G (Startrail Silver, 128 GB)",10499,17.12,6.74
"SAMSUNG Galaxy F54 5G (Meteor Blue, 256 GB)",22999,17.02,6.7
"REDMI 12 5G (Moonstone Silver, 128 GB)",11999,17.25,6.79
"Motorola g84 5G (Marshmallow Blue, 256 GB)",18999,16.64,6.55
"realme P1 Pro 5G (Parrot Blue, 128 GB)",18999,17.02,6.7
"REDMI 13c 5G (Startrail Green, 256 GB)",13799,17.12,6.74
"SAMSUNG Galaxy F14 5G (OMG Black, 128 GB)",10990,16.76,6.6
"Motorola g14 (Sky Blue, 128 GB)",8499,16.51,6.5
"REDMI 13c 5G (Startrail Silver, 256 GB)",13304,17.12,6.74
"POCO X6 5G (Mirror Black, 256 GB)",18999,16.94,6.67
Kechaoda A27,958,1.68,0.66
"Nokia 5310 DS Keypad Mobile, FM Radio,Camera with Flash (8MB RAM)",3370,6.1,2.4
LAVA A3 Vibe DS Keypad Mobile| 1750 mAh Battery|Expandable Storage 32GB,1133,4.5,1.77
"POCO X6 Neo 5G (Horizon Blue, 256 GB)",15999,16.94,6.67
Kechaoda K112,1580,6.1,2.4
"POCO M6 5G - Locked with Airtel Prepaid (Galactic Black, 128 GB)",8549,17.12,6.74
"POCO M6 5G (Orion Blue, 128 GB)",9249,17.12,6.74
"Apple iPhone 15 (Green, 128 GB)",64999,15.49,6.1
"POCO C55 (Power Black, 128 GB)",7999,17.04,6.71
"realme P1 Pro 5G (Phoenix Red, 256 GB)",22999,17.02,6.7
"REDMI 12 5G (Jade Black, 128 GB)",11999,17.25,6.79
"Nokia 150 Dual Sim Keypad Mobile,Wireless FM radio, Bluetooth, MP3 player",3000,6.1,2.4
"SAMSUNG Galaxy S23 FE (Graphite, 128 GB)",36999,16.26,6.4
"Apple iPhone 14 Plus (Yellow, 128 GB)",58999,17.02,6.7
"Infinix SMART 8 HD (Timber Black, 64 GB)",6999,16.76,6.6
"realme C65 5G (Feather Green, 128 GB)",12499,16.94,6.67
"realme 12 Pro 5G (Navigator Beige, 256 GB)",26999,17.02,6.7
"REDMI 13c 5G (Starlight Black, 128 GB)",10092,17.12,6.74
Micromax J3,830,4.5,1.77
"vivo Y18e (Gem Green, 64 GB)",7999,16.66,6.56
"REDMI 12 5G (Moonstone Silver, 256 GB)",14499,17.25,6.79
"vivo Y18e (Space Black, 64 GB)",7999,16.66,6.56
"SAMSUNG Galaxy M14 5G (Berry Blue, 128 GB)",11042,16.76,6.6
"POCO X6 Neo 5G (Astral Black, 128 GB)",14999,16.94,6.67
"POCO X6 5G (Snowstorm White, 256 GB)",18999,16.94,6.67
"SAMSUNG Galaxy M14 5G (Berry Blue, 128 GB)",10814,16.76,6.6
"POCO M6 5G (Polaris Green, 128 GB)",9249,17.12,6.74
"realme Narzo N53 (Feather Gold, 128 GB)",10040,17.12,6.74
"realme C65 5G (Glowing Black, 128 GB)",12499,16.94,6.67
"REDMI 12 5G (Pastel Blue, 256 GB)",14499,17.25,6.79
"OnePlus Nord 3 5G (Misty Green, 128 GB)",21030,17.12,6.74
"SAMSUNG Galaxy F15 5G (Jazzy Green, 128 GB)",12999,16.51,6.5
"realme 12x 5G (Woodland Green, 128 GB)",11999,17.07,6.72
"Apple iPhone 15 (Pink, 128 GB)",69999,15.49,6.1
"OnePlus Nord 3 5G (Tempest Gray, 128 GB)",22311,17.12,6.74
"Nothing Phone (2a) 5G (Black, 256 GB)",27999,17.02,6.7
"Nothing Phone (2a) 5G (White, 256 GB)",27999,17.02,6.7
"POCO X6 Neo 5G (Martian Orange, 128 GB)",14999,16.94,6.67
"MOTOROLA G04 (Sea Green, 64 GB)",6999,16.76,6.6
"Nothing Phone (2a) 5G (White, 256 GB)",25999,17.02,6.7
"SAMSUNG Galaxy F15 5G (Groovy Violet, 128 GB)",14499,16.51,6.5
"Nothing Phone (2a) 5G (Black, 256 GB)",25999,17.02,6.7
"Nokia 105 Single SIM, Keypad Mobile Phone with Wireless FM Radio",1259,4.5,1.77
"POCO C55 (Power Black, 64 GB)",6999,17.04,6.71
"OnePlus Nord CE 2 Lite 5G (Blue Tide, 128 GB)",16290,16.74,6.59
"Infinix SMART 8 HD (Crystal Green, 64 GB)",6999,16.76,6.6
"SAMSUNG Galaxy F14 5G (B.A.E. Purple, 128 GB)",10990,16.76,6.6
"Apple iPhone 15 (Black, 128 GB)",66999,15.49,6.1
"Nothing Phone (2a) 5G (White, 128 GB)",23999,17.02,6.7
"Nothing Phone (2a) 5G (Black, 128 GB)",23999,17.02,6.7
"POCO X6 Neo 5G (Horizon Blue, 128 GB)",14999,16.94,6.67
Kechaoda A27,940,1.68,0.66
"realme Narzo N53 (Feather Black, 64 GB)",8090,17.12,6.74
"REDMI 12 (Pastel Blue, 128 GB)",9499,17.25,6.79
"REDMI 13C 5G (Starlight Black, 256 GB)",13999,17.12,6.74
"REDMI 13C 5G (Startrail Silver, 256 GB)",13999,17.12,6.74
"SAMSUNG Galaxy F14 5G (GOAT Green, 128 GB)",10990,16.76,6.6
"Apple iPhone 14 (Blue, 128 GB)",56999,15.49,6.1
"REDMI 13c 5G (Startrail Silver, 128 GB)",10975,17.12,6.74
"Nokia 150 Dual Sim Keypad Mobile, Wireless FM radio, Bluetooth, MP3 player",0,6.1,2.4
"Nokia 2660 Flip 4G Volte Red keypad Mobile with Dual Sim & Screen, MP3 Player",4773,7.11,2.8
"SAMSUNG Galaxy S23 FE (Mint, 128 GB)",36999,16.26,6.4
"MOTOROLA G04 (Sunrise Orange, 64 GB)",6999,16.76,6.6
"REDMI A2 (Aqua Blue, 64 GB)",0,16.56,6.52
"SAMSUNG Galaxy S22 5G (Green, 128 GB)",34999,15.49,6.1
"REDMI 12 (Moonstone Silver, 128 GB)",9499,17.25,6.79
"REDMI 13C 5G (Startrail Green, 256 GB)",13999,17.12,6.74
"REDMI 13c 5G (Startrail Green, 128 GB)",11482,17.12,6.74
"itel A70 | 5000 mAh Battery |13MP Dual Rear Camera | Type C Charging (Azure Blue, 64 GB)",6411,16.66,6.56
"itel A70 | 5000 mAh Battery |13MP Dual Rear Camera | Type C Charging (Field Green, 64 GB)",6328,16.66,6.56
"itel A70 | 5000 mAh Battery |13MP Dual Rear Camera | Type C Charging (Starlish Black, 64 GB)",6337,16.66,6.56
"REDMI A3 (Midnight Black, 64 GB)",6877,17.04,6.71
"OnePlus Nord CE 2 Lite 5G (Black Dusk, 128 GB)",15933,16.74,6.59
"Tecno POVA 5 Pro 5G (Dark Illusion, 256 GB)",15999,17.22,6.78
"realme C65 5G (Glowing Black, 64 GB)",10499,16.94,6.67
Kechaoda K112,1539,6.1,2.4
"Tecno Spark 20 (Gravity Black, 256 GB)",8999,16.66,6.56
"realme 12 Pro+ 5G (Submarine Blue, 128 GB)",24999,17.02,6.7
"REDMI 13c 5G (Starlight Black, 128 GB)",11749,17.12,6.74
LAVA Gem Power Dual Sim Keypad Phone|2575 mAh Battery| Expandable Upto 32 MB,1548,7.11,2.8
"SAMSUNG Galaxy F15 5G (Groovy Violet, 128 GB)",12999,16.51,6.5
"SAMSUNG Galaxy F15 5G (Ash Black, 128 GB)",14499,16.51,6.5
itel it5330 | 2.8 inch Big Display | 1900 mAh Battery | Kingvoice,1471,7.11,2.8
"realme 12 Pro+ 5G (Submarine Blue, 256 GB)",33999,17.02,6.7
"realme 12 Pro+ 5G (Explorer Red, 256 GB)",31999,17.02,6.7
"realme 12 Pro+ 5G (Submarine Blue, 256 GB)",31999,17.02,6.7
"POCO X6 5G (Snowstorm White, 512 GB)",21999,16.94,6.67
"itel A70 | 5000 mAh Battery |13MP Dual Rear Camera | Type C Charging (Brilliant Gold, 64 GB)",6330,16.66,6.56
"realme 12 Pro+ 5G (Navigator Beige, 256 GB)",31999,17.02,6.7
"OnePlus Nord CE4 (Celadon Marble, 256 GB)",26937,17.02,6.7
"Motorola Edge 40 Neo (Peach Fuzz, 128 GB)",22999,16.64,6.55
itel it5330 | 2.8 inch Big Display | 1900 mAh Battery | Kingvoice,1494,7.11,2.8
Nokia 105 Classic without Charger,999,4.5,1.77
LAVA Gem Power Dual Sim Keypad Phone|2575 mAh Battery| Expandable Upto 32 MB,1543,7.11,2.8
"OnePlus Nord CE4 (Dark Chrome, 256 GB)",26962,17.02,6.7
"OnePlus Nord CE4 (Celadon Marble, 128 GB)",24988,17.02,6.7
"SAMSUNG Galaxy S23 FE (Purple, 128 GB)",36999,16.26,6.4
"SAMSUNG Galaxy S23 5G (Green, 128 GB)",46999,15.49,6.1
"OnePlus Nord CE4 (Dark Chrome, 128 GB)",24699,17.02,6.7
"realme 12 Pro+ 5G (Navigator Beige, 256 GB)",33999,17.02,6.7
"Motorola Edge 40 Neo (Caneel Bay, 128 GB)",22999,16.64,6.55
"SAMSUNG Galaxy F15 5G (Ash Black, 128 GB)",15999,16.51,6.5
LAVA Hero 600i Sapphire Blue,849,4.57,1.8
"SAMSUNG Galaxy S23 5G (Phantom Black, 256 GB)",51999,15.49,6.1
"REDMI Note 13 5G (Stealth Black, 128 GB)",16088,16.94,6.67
"REDMI Note 13 5G (Arctic White, 256 GB)",20450,16.94,6.67
Snexian ROCK Z,2499,6.1,2.4
"Nothing Phone (2a) 5G (Special Edition, 256 GB)",27999,17.02,6.7
KARBONN K531 Dual Sim Keypad Phone|1750 mAh Battery|0.3MP Camera|Expandable Upto 32 GB,1289,6.1,2.4
KARBONN K531 Dual Sim Keypad Phone|1750 mAh Battery|0.3MP Camera|Expandable Upto 32 GB,1261,6.1,2.4
"OnePlus Nord CE3 5G (Aqua Surge, 256 GB)",28990,17.02,6.7
LAVA 34 Ultra,1313,6.1,2.4
"Samsung Galaxy S21 FE 5G with Snapdragon 888 (Graphite, 128 GB)",28999,16.26,6.4
LAVA A3 Vibe DS Keypad Mobile| 1750 mAh Battery|Expandable Storage 32GB,1134,4.5,1.77
"realme 12 Pro+ 5G (Explorer Red, 256 GB)",33999,17.02,6.7
"SAMSUNG Galaxy F04 (Jade Purple, 64 GB)",7999,16.51,6.5
"OnePlus Nord CE3 5G (Aqua Surge, 128 GB)",19039,17.02,6.7
"OnePlus Nord CE3 5G (Grey Shimmer, 128 GB)",19013,17.02,6.7
"realme 12 5G (Woodland Green, 128 GB)",17999,17.07,6.72
"realme 12 5G (Woodland Green, 128 GB)",16999,17.07,6.72
"realme 12 5G (Twilight Purple, 128 GB)",16999,17.07,6.72
"realme Narzo N53 (Feather Gold, 64 GB)",7959,17.12,6.74
Kechaoda A26,968,1.68,0.66
"SAMSUNG Galaxy M14 5G (Smoky Teal, 128 GB)",10970,16.76,6.6
Nokia 105 SS 2021,1418,4.5,1.77
"REDMI Note 13 5G (Prism Gold, 256 GB)",20300,16.94,6.67
Nokia 105 Classic with Charger,1099,4.5,1.77
"REDMI Note 13 5G (Arctic White, 128 GB)",16999,16.94,6.67
"POCO X6 5G (Mirror Black, 512 GB)",21999,16.94,6.67
HOTLINE Classic HC74,564,4.5,1.77
SAMSUNG GT-E1215ZWAINS,0,3.81,1.5
"Motorola e32 (Eco Black, 64 GB)",6999,16.51,6.5
"itel Aura 05i|Leather Finish|4000 Mah Battery|Type C Charging Support (Glorious Orange, 32 GB)",5599,16.76,6.6
"SAMSUNG Galaxy M14 5G (ICY Silver, 128 GB)",10832,16.76,6.6
"Motorola G32 (Satin Silver, 128 GB)",9999,16.51,6.5
KARBONN K9 Yodha�Dual Sim Keypad Mobile|1800 mAh Battery|Expandable Memory up to 32GB,1189,4.57,1.8
"SAMSUNG Galaxy S23 5G (Phantom Black, 128 GB)",46999,15.49,6.1
"Tecno Spark 20 (Magic Skin Blue, 128 GB)",8499,16.76,6.6
"SAMSUNG Galaxy S23 5G (Lavender, 256 GB)",51999,15.49,6.1
"realme 12+ 5G (Pioneer Green, 128 GB)",20999,16.94,6.67
"realme 12+ 5G (Navigator Beige, 128 GB)",20999,16.94,6.67
"itel Aura 05i|Leather Finish|4000 Mah Battery|Type C Charging Support (Crystal Blue, 32 GB)",5599,16.94,6.67
itel it5330 | 2.8 inch Big Display | 1900 mAh Battery | Kingvoice,1485,7.11,2.8
"itel Aura 05i|Leather Finish|4000 Mah Battery|Type C Charging Support (Meadow Green, 32 GB)",5599,16.76,6.6
LAVA A7 Torch Dual Sim Keypad Phone| 2574 mAh Battery| Expandable Upto 32 GB (Blue),1398,6.1,2.4
"REDMI Note 13 Pro 5G (Coral Purple, 256 GB)",28999,16.94,6.67
"SAMSUNG Galaxy F15 5G (Jazzy Green, 128 GB)",15999,16.51,6.5
SAMSUNG GURU GT,1649,3.81,1.5
"IQOO Z7 Pro 5G (Graphite Matte, 256 GB)",23517,17.22,6.78
"LAVA YUVA 2 PRO (LAVENDER, 64 GB)",6949,16.51,6.5
"OnePlus 11R 5G (Galactic Silver, 128 GB)",30255,17.02,6.7
"Google Pixel 7a (Snow, 128 GB)",36999,15.49,6.1
"SAMSUNG Galaxy F15 5G (Jazzy Green, 128 GB)",14499,16.51,6.5
"Samsung Galaxy S21 FE 5G with Snapdragon 888 (Navy, 128 GB)",28999,16.26,6.4
"OnePlus 11R 5G (Galactic Silver, 256 GB)",35150,17.02,6.7
"realme 12 5G (Twilight Purple, 128 GB)",17999,17.07,6.72
Nokia 150,2658,6.1,2.4
"SAMSUNG Galaxy Z Flip3 5G (Cream, 128 GB)",38999,17.02,6.7
"SAMSUNG Galaxy F15 5G (Groovy Violet, 128 GB)",15999,16.51,6.5
"REDMI 13C 5G (Startrail Silver, 128 GB)",11999,17.12,6.74
"REDMI 13C 5G (Startrail Green, 128 GB)",11999,17.12,6.74
"OnePlus 12R (Iron Gray, 256 GB)",40440,17.22,6.78
"Nokia 106 4G Keypad Mobile, Long-Lasting Battery, MicroSD Card Slot",2154,4.5,1.77
Kechaoda K115,1032,3.66,1.44
"OnePlus 12R (Cool Blue, 256 GB)",43145,17.22,6.78
"IQOO Z7 Pro 5G (Blue Lagoon, 128 GB)",22081,17.22,6.78
"REDMI 12 (Jade Black, 128 GB)",9999,17.25,6.79
"SAMSUNG Galaxy S23 5G (Green, 256 GB)",51999,15.49,6.1
"itel it5027 6.1cm Screen,1200mAh Battery Wireless FM Radio with Recording,KingVoice",1153,6.1,2.4
"POCO X6 Pro 5G (Spectre Black, 512 GB)",26499,16.94,6.67
"LAVA Hero Glow DS Keypad Mobile, FM Radio, Call Recording,Expandable Upto 32 GB",819,4.57,1.8
"SAMSUNG Galaxy S23 FE (Mint, 256 GB)",41999,16.26,6.4
"realme 12+ 5G (Navigator Beige, 256 GB)",21999,16.94,6.67
"realme 12+ 5G (Pioneer Green, 256 GB)",21999,16.94,6.67
"OnePlus 11R 5G (Sonic Black, 256 GB)",35478,17.02,6.7
"REDMI 12 5G (Moonstone Silver, 256 GB)",14484,17.25,6.79
"REDMI Note 13 Pro 5G (Coral Purple, 128 GB)",22399,16.94,6.67
"Nokia 215 DS 4G Keypad Phone with Long Battery Life,Wireless FM Radio",3049,6.1,2.4
"Apple iPhone 14 Plus ((PRODUCT)RED, 128 GB)",58999,17.02,6.7
"Nokia 105 Dual Sim, Keypad Mobile Phone with Wireless FM Radio",1409,4.5,1.77
"POCO X6 Pro 5G (Spectre Black, 256 GB)",24499,16.94,6.67
"POCO X6 Pro 5G (Yellow, 512 GB)",26499,16.94,6.67
"SAMSUNG Galaxy S23 5G (Cream, 256 GB)",51999,15.49,6.1
"OnePlus Nord CE3 5G (Grey Shimmer, 256 GB)",27989,17.02,6.7
"OnePlus 12R (Iron Gray, 128 GB)",36957,17.22,6.78
"itel A05s (Nebula Black, 64 GB)",5989,16.66,6.56
"POCO X6 5G (Skyline Blue, 256 GB)",18999,16.94,6.67
"REDMI Note 13 Pro 5G (Midnight Black, 256 GB)",26999,16.94,6.67
"REDMI Note 13 Pro+ 5G (Fusion Purple, 512 GB)",34999,16.94,6.67
"realme Narzo 60x 5G (Stellar Green, 128 GB)",11133,17.07,6.72
"Nothing Phone (2a) 5G (Blue, 128 GB)",23999,17.02,6.7
KARBONN BHARAT K1 4G,1069,4.57,1.8
"Google Pixel 7a (Sea, 128 GB)",36999,15.49,6.1
"IQOO Z7 Pro 5G (Blue Lagoon, 256 GB)",23420,17.22,6.78
"Tecno Spark 20 (Magic Skin Blue, 256 GB)",8999,16.66,6.56
"REDMI Note 13 5G (Stealth Black, 256 GB)",20277,16.94,6.67
"REDMI Note 13 5G (Prism Gold, 256 GB)",18299,16.94,6.67
"Nokia 106 4G Keypad Mobile, Long-Lasting Battery, MicroSD Card Slot",2275,4.5,1.77
"REDMI Note 13 Pro+ 5G (Fusion Black, 512 GB)",34999,16.94,6.67
"SAMSUNG Galaxy S23 5G (Lavender, 128 GB)",46999,15.49,6.1
"IQOO Z9 5G (Brushed Green, 256 GB)",21168,16.94,6.67
"Tecno Spark 20 (Cyber White, 256 GB)",8999,16.66,6.56
"SAMSUNG Galaxy F15 5G (Ash Black, 128 GB)",12999,16.51,6.5
"OnePlus 11R 5G (Red, 128 GB)",31438,17.02,6.7
"realme Narzo 60X 5G (Stellar Green, 128 GB)",12236,17.07,6.72
"Nothing Phone (2a) 5G (Blue, 256 GB)",25999,17.02,6.7
"REDMI A3 (Lake Blue, 128 GB)",7928,17.04,6.71
"itel it2163s 4.5cm,1200mAh,BT Caller,12+1 Month Warranty with 111 Days Replacement",905,4.57,1.8
"REDMI A3 (Olive Green, 64 GB)",6918,17.04,6.71
"POCO X6 Pro 5G (Yellow, 256 GB)",24499,16.94,6.67
Snexian Rock,1368,4.32,1.7
"Infinix Zero 30 5G (Golden Hour, 256 GB)",23999,17.22,6.78
"Infinix Zero 30 5G (Fantasy Purple, 256 GB)",23999,17.22,6.78
"OnePlus 12R (Iron Grey, 256 GB)",43109,17.22,6.78
"SAMSUNG Galaxy S23 FE (Graphite, 256 GB)",41999,16.26,6.4
"Nokia 110 Dual sim Keypad Phone with FM Radio, Auto Call Recording",1799,4.5,1.77
"itel S23 with Dual Sim| 50MP Rear Camera| 5000mAh Battery|Expandable Upto 1 TB (Starry Black, 128 GB)",6599,16.76,6.6
Nokia 105 SS 2023,1254,4.57,1.8
Kechaoda A27,922,1.68,0.66
"REDMI Note 13 5G (Stealth Black, 256 GB)",18387,16.94,6.67
"POCO X6 Pro 5G (Racing Grey, 256 GB)",24499,16.94,6.67
Nokia 105 SS 2023,1256,4.57,1.8
Micromax S116,875,4.5,1.77
Kechaoda A27,925,1.68,0.66
"LAVA Blaze (Glass Black, 64 GB)",6217,16.51,6.5
"REDMI Note 13 Pro 5G (Midnight Black, 256 GB)",28999,16.94,6.67
Jio PRIMA 4G,3399,6.1,2.4
"REDMI 12 5G (Jade Black, 128 GB)",12079,17.25,6.79
Jio B1 Keypad Phone (UPI) Locked Blue,1599,6.1,2.4
"Motorola Edge 40 Neo (Peach Fuzz, 256 GB)",24999,16.64,6.55
Snexian BOLD 888,1130,3.66,1.44
"SAMSUNG Galaxy M14 5G (Icy Silver, 128 GB)",11198,16.76,6.6
Micromax S116,885,4.5,1.77
"Nokia 5310 DS Keypad Mobile, FM Radio,Camera with Flash (8 MB RAM)",3389,6.1,2.4
"Infinix Zero 30 5G (Fantasy Purple, 256 GB)",22999,17.22,6.78
"REDMI 13C (Starshine Green, 256 GB)",10399,17.12,6.74
Nokia 105 SS 2023,1290,4.57,1.8
"Nokia 3310 Dual SIM Keypad Mobile with MP3 Player, FM Radio & Rear Camera",3999,6.1,2.4
"SAMSUNG Galaxy S23 5G (Cream, 128 GB)",46999,15.49,6.1
"REDMI 12 5G (Pastel Blue, 128 GB)",12403,17.25,6.79
SAMSUNG GT-1200,1500,3.81,1.5
Nokia TA-1304/105 SS,1317,4.5,1.77
"Google Pixel 7a (Coral, 128 GB)",36999,15.49,6.1
"OPPO A38 (Glowing Black, 128 GB)",9999,16.66,6.56
"REDMI A3 (Midnight Black, 128 GB)",7884,17.04,6.71
"vivo Y27 (Sea Blue, 128 GB)",11949,16.87,6.64
"itel A05s | Typse C Charging | 4000 mAh Battery | Side FingerPrint (Glorious Orange, 64 GB)",6095,16.66,6.56
"OnePlus 12 (Silky Black, 512 GB)",61891,17.32,6.82
"REDMI 13C (Stardust Black, 256 GB)",10649,17.12,6.74
"REDMI 12 5G (Moonstone Silver, 128 GB)",11100,17.25,6.79
"REDMI Note 13 5G (Arctic White, 256 GB)",17899,16.94,6.67
Micromax S116,878,4.5,1.77
"REDMI Note 13 Pro 5G (Coral Purple, 256 GB)",24370,16.94,6.67
"REDMI 12 5G (Pastel Blue, 256 GB)",14730,17.25,6.79
SAMSUNG Metro 313,1999,5.16,2.03
LAVA A5,1336,6.1,2.4
Kechaoda K10,950,1.68,0.66
"POCO X6 5G (Skyline Blue, 256 GB)",20999,16.94,6.67
itel Circle 1,1462,3.35,1.32
"REDMI 12 (Pastel Blue, 128 GB)",9999,17.25,6.79
"Infinix Zero 30 5G (Golden Hour, 256 GB)",22999,17.22,6.78
"vivo V30e (Silk Blue, 256 GB)",29999,17.22,6.78
"vivo V30e (Velvet Red, 256 GB)",29999,17.22,6.78
SAMSUNG Metro 313,1899,5.16,2.03
"Nokia 150 Dual Sim Keypad Mobile, Wireless FM radio, Bluetooth, MP3 player",1799,6.1,2.4
"itel P40 Plus,Upto 8GB RAM|13MP Rear Camera|7000mAh Battery with 18W Fast Charging (Force Black, 128 G...",6940,17.27,6.8
"REDMI Note 13 5G (Prism Gold, 128 GB)",16999,16.94,6.67
SAMSUNG Metro 313,1999,5.08,2.0
"REDMI Note 13 Pro+ 5G (Fusion Black, 256 GB)",30999,16.94,6.67
"REDMI A3 (Lake Blue, 128 GB)",7999,17.04,6.71
"vivo V30 5G (Classic Black, 128 GB)",33999,17.22,6.78
"vivo V30 5G (Peacock Green, 256 GB)",35999,17.22,6.78
"vivo V30 5G (Classic Black, 256 GB)",35999,17.22,6.78
Nokia TA-1174 / TA-1299,1111,4.57,1.8
itel it5027,1150,6.1,2.4
KARBONN K9 Yodha�Dual Sim Keypad Mobile|1800 mAh Battery|Expandable Memory up to 32GB,1225,4.57,1.8
"OnePlus 12 (Flowy Emerald, 512 GB)",61999,17.32,6.82
"vivo V30 5G (Classic Black, 256 GB)",37999,17.22,6.78
"vivo V30 5G (Peacock Green, 128 GB)",33999,17.22,6.78
"vivo Y27 (Burgundy Black, 128 GB)",10999,16.87,6.64
"Apple iPhone 15 (Yellow, 128 GB)",64999,15.49,6.1
"Apple iPhone 15 Plus (Pink, 128 GB)",76999,17.02,6.7
"OnePlus 12 (Flowy Emerald, 256 GB)",57398,17.32,6.82
Nokia 106,0,4.57,1.8
Snexian BOLD 1K,991,3.66,1.44
"POCO C55 (Forest Green, 64 GB)",6999,17.04,6.71
LAVA A1 Vibe DS Keypad Phone|1000 mAh Battery|0.3MP Rear Camera|Expandable Upto 32 GB,1058,4.5,1.77
"vivo V30 5G (Peacock Green, 256 GB)",37999,17.22,6.78
itel Ace2 Keypad Mobile| 1000 mAh Battery|Expandable Storage 32GB,800,4.57,1.8
"POCO X6 Pro 5G (Racing Grey, 512 GB)",26499,16.94,6.67
Motorola a10,1399,4.57,1.8
DIZO Star 500,1698,7.11,2.8
"Nokia 2660 Flip 4G Volte Black keypad Mobile with Dual Sim & Screen, MP3 Player",4869,7.11,2.8
"POCO X6 5G (Mirror Black, 256 GB)",20999,16.94,6.67
MOTOROLA A10g Mobile | Dual Sim Keypad Phone | 800 mAh Battery | Expandable Upto 64 GB,1199,4.57,1.8
KARBONN K9 Yuva Keypad Mobile| 2500 mAh Battery|2MP Camera|Expandable Memory up to 32GB,1154,4.57,1.8
"vivo V30 5G (Andaman Blue, 128 GB)",33999,17.22,6.78
"REDMI Note 13 Pro 5G (Arctic White, 128 GB)",24999,16.94,6.67
"Apple iPhone 15 Plus (Blue, 128 GB)",76999,17.02,6.7
"Micromax IN 2C (Brown, 32 GB)",5999,16.56,6.52
"OnePlus 12 (Silky Black, 256 GB)",58295,17.32,6.82
HOTLINE H1282,570,4.57,1.8
"SAMSUNG Galaxy M14 4G (Sapphire Blue, 64 GB)",8988,16.76,6.6
"vivo V30 5G (Andaman Blue, 256 GB)",35999,17.22,6.78
"Micromax IN 2C (Silver, 32 GB)",5899,16.56,6.52
DIZO Star 300,1399,4.5,1.77
"REDMI A3 (Olive Green, 128 GB)",8749,17.04,6.71
"Apple iPhone 14 Plus (Midnight, 256 GB)",68999,17.02,6.7
"REDMI Note 13 Pro+ 5G (Fusion Purple, 256 GB)",30999,16.94,6.67
"POCO M6 Pro 5G (Power Black, 256 GB)",14999,17.25,6.79
"realme Narzo 70 Pro 5G (Glass Green, 256 GB)",21177,16.94,6.67
Micromax S213,1217,6.1,2.4
Micromax J3,835,4.5,1.77
"itel A05s (Meadow Green, 64 GB)",6093,16.66,6.56
"OPPO A59 5G (Silk Gold, 128 GB)",13999,16.66,6.56
"Apple iPhone 15 (Black, 256 GB)",74999,15.49,6.1
"Apple iPhone 14 Plus (Purple, 256 GB)",68999,17.02,6.7
Micromax S213,1220,6.1,2.4
"SAMSUNG Galaxy A35 5G (Awesome Iceblue, 128 GB)",30999,16.76,6.6
"REDMI A3 (Olive Green, 128 GB)",7859,17.04,6.71
"Apple iPhone 15 Plus (Green, 128 GB)",76999,17.02,6.7
Kechaoda K115,1045,3.66,1.44
Kechaoda K115,1048,3.66,1.44
Kechaoda K115,1042,3.66,1.44
Kechaoda K66 The Music House 4,1066,4.57,1.8
"Apple iPhone 13 (Starlight, 128 GB)",52999,15.49,6.1
Micromax S213,1215,6.1,2.4
"SAMSUNG Galaxy M14 5G (ICY Silver, 128 GB)",11289,16.76,6.6
"REDMI 12 5G (Pastel Blue, 128 GB)",11050,17.25,6.79
"Nokia 3310 Dual SIM Keypad Mobile with MP3 Player, FM Radio & Rear Camera",3984,6.1,2.4
"IQOO Z6 Lite 5G (With Charger) (Stellar Green, 128 GB)",13680,16.97,6.68
"realme Narzo 70 Pro 5G (Glass Gold, 256 GB)",20397,16.94,6.67
"REDMI Note 13 Pro+ 5G (Fusion White, 256 GB)",30999,16.94,6.67
"Infinix Note 30 5G (Magic Black, 256 GB)",15999,17.22,6.78
"REDMI A3 (Lake Blue, 64 GB)",7199,17.04,6.71
Kechaoda A27,924,1.68,0.66
"Apple iPhone 14 Plus ((PRODUCT)RED, 256 GB)",68999,17.02,6.7
ringme 2183,595,4.57,1.8
"Apple iPhone 13 (Pink, 128 GB)",52999,15.49,6.1
"SAMSUNG Galaxy M14 4G (Arctic Blue, 64 GB)",8998,16.76,6.6
"Infinix Note 40 Pro 5G (Vintage Green, 256 GB)",21999,17.22,6.78
"realme C65 5G (Feather Green, 128 GB)",11499,16.94,6.67
"Apple iPhone 14 Plus (Yellow, 256 GB)",68999,17.02,6.7
"realme C65 5G (Glowing Black, 128 GB)",11499,16.94,6.67
"MOTOROLA G04 (Concord Black, 128 GB)",7999,16.76,6.6
"OPPO A18 (Glowing Blue, 128 GB)",9499,16.66,6.56
"itel A05s | Typse C Charging | 4000 mAh Battery | Side FingerPrint (Crystal Blue, 64 GB)",5949,16.66,6.56
Motorola Moto A10E,1099,4.57,1.8
"IQOO Z9 5G (Graphene Blue, 256 GB)",21295,16.94,6.67
"Infinix Note 30 5G (Interstellar Blue, 256 GB)",15999,17.22,6.78
"itel S23 (Mystery White, 128 GB)",7299,16.76,6.6
"Infinix Note 30 5G (Sunset Gold, 256 GB)",15999,17.22,6.78
"OPPO A59 5G (Starry Black, 128 GB)",15499,16.66,6.56
"OPPO A59 5G (Silk Gold, 128 GB)",15499,16.66,6.56
LAVA A1 Vibe DS Keypad Phone|1000 mAh Battery|0.3MP Rear Camera|Expandable Upto 32 GB,1121,4.5,1.77
"Apple iPhone 15 (Green, 256 GB)",74999,15.49,6.1
"Tecno Spark Go 2024 (Magic Skin Green, 128 GB)",7599,16.66,6.56
TARA MOBILE T5,544,4.5,1.77
TARA MOBILE T5,543,4.5,1.77
"OPPO A38 (Glowing Gold, 128 GB)",9999,16.66,6.56
"OnePlus N20 SE (CELESTIAL BLACK, 128 GB)",11879,16.66,6.56
IAIR D24 Dual Sim Keypad Phone | 1200 mAH Battery & Big 1.88 Inch Display,783,4.78,1.88
"Nokia 6310 Dual SIM Feature Mobile, Wireless FM Radio and Rear Camera",3289,7.11,2.8
"Motorola G32 (Rose Gold, 128 GB)",9999,16.51,6.5
"Infinix Note 30 5G (Magic Black, 128 GB)",14999,17.22,6.78
"REDMI 12 5G (Moonstone Silver, 128 GB)",12326,17.25,6.79
"Tecno Spark Go 2024 (Mystery White, 64 GB)",7399,16.66,6.56
"OPPO A18 (Glowing Black, 128 GB)",9499,16.66,6.56
"Nokia 150 Dual Sim Keypad Phone, Rear Camera, Long Lasting Battery Life and FM Radio",2698,6.1,2.4
"Nokia 6310 Dual SIM Feature Mobile, Wireless FM Radio and Rear Camera",3495,7.11,2.8
LAVA A1 Vibe,1041,4.5,1.77
"Tecno Spark 10 Pro (Lunar Eclipse, 128 GB)",8999,16.97,6.68
"POCO X6 5G (Snowstorm White, 256 GB)",20999,16.94,6.67
Kechaoda K10,1066,1.68,0.66
"REDMI Note 13 Pro 5G (Coral Purple, 128 GB)",24999,16.94,6.67
"Nokia 150 Dual Sim Keypad Phone, Rear Camera, Long Lasting Battery Life and FM Radio",2646,6.1,2.4
Jio V2 Keypad Phone with (UPI) Locked New,1140,4.5,1.77
"REDMI Note 13 5G (Arctic White, 256 GB)",18999,16.94,6.67
"REDMI Note 13 Pro 5G (Arctic White, 256 GB)",28999,16.94,6.67
"realme Narzo 70 Pro 5G (Glass Green, 128 GB)",18976,16.94,6.67
"Apple iPhone 13 (Blue, 128 GB)",52999,15.49,6.1
"SAMSUNG Galaxy M15 5G (Blue Topaz, 128 GB)",11896,16.51,6.5
"Honor 90 5G (Diamond Silver, 256 GB)",25999,17.02,6.7
LAVA A5_23 Keypad Mobile| 1000 mAh Battery|0.3MP Rear Camera|Expandable Upto 32 GB,1261,6.1,2.4
"Infinix HOT 30i (Marigold, 64 GB)",8399,16.76,6.6
"Infinix HOT 30i (Mirror Black, 64 GB)",8399,16.76,6.6
"Motorola g54 5G (Mint Green, 256 GB)",16999,16.51,6.5
Kechaoda THE KING OF MUSIC,1221,7.11,2.8
"Infinix HOT 30i (Glacier Blue, 128 GB)",11999,16.76,6.6
"Infinix HOT 30 5G (Knight Black, 128 GB)",13499,17.22,6.78
"Tecno Spark 10c (Meta Black, 128 GB)",8577,16.76,6.6
"realme C67 5G (Dark Purple, 128 GB)",13999,17.07,6.72
"realme C67 5G (Sunny Oasis, 128 GB)",13999,17.07,6.72
"REDMI 12C (Royal Blue, 128 GB)",9199,17.04,6.71
"OPPO A17 (Lake Blue, 64 GB)",9999,16.66,6.56
"Apple iPhone 15 Plus (Yellow, 128 GB)",76999,17.02,6.7
"Infinix HOT 30i (Glacier Blue, 64 GB)",8399,16.76,6.6
"Infinix HOT 30i (Diamond White, 64 GB)",8399,16.76,6.6
LAVA A1 vibe,1087,4.5,1.77
"REDMI 12 5G (Jade Black, 256 GB)",14394,17.25,6.79
"Nokia 110 Dual Sim, Keypad Mobile with Wireless FM Radio, Bluetooth and Rear Camera",1699,17.02,6.7
"REDMI A3 (Lake Blue, 64 GB)",6999,17.04,6.71
"SAMSUNG Galaxy A15 5G (Blue Black, 128 GB)",19499,16.51,6.5
"Nokia C32 (Breezy Mint, 64 GB)",7499,16.55,6.517
Kechaoda K28,1209,6.1,2.4
"OPPO F25 Pro 5G (Ocean Blue, 256 GB)",25999,17.02,6.7
"OPPO A79 5G (Mystery Black, 128 GB)",17499,17.07,6.72
"SAMSUNG Galaxy A35 5G (Awesome Navy, 128 GB)",30999,16.76,6.6
"REDMI 13C (Starfrost White, 128 GB)",9280,17.12,6.74
"REDMI Note 13 Pro 5G (Midnight Black, 128 GB)",24999,16.94,6.67
"REDMI Note 13 Pro 5G (Arctic White, 128 GB)",22248,16.94,6.67
LAVA A3 vibe,1212,4.5,1.77
"Motorola G32 (Satin Maroon, 128 GB)",9999,16.51,6.5
"LAVA Blaze (Glass Green, 64 GB)",8699,16.51,6.5
"Nokia 2660 Flip 4G Volte Blue keypad Mobile with Dual Sim & Screen, MP3 Player",4992,7.11,2.8
"OPPO F25 Pro 5G (Coral Purple, 128 GB)",23999,17.02,6.7
KARBONN Y1,949,4.57,1.8
itel ACE 2 YOUNG (WITHOUT CHARGER),829,4.57,1.8
"REDMI Note 13 5G (Stealth Black, 256 GB)",18999,16.94,6.67
"REDMI A2 (Sea Green, 64 GB)",5999,16.56,6.52
Nokia 150 DS RED 2023,2868,6.1,2.4
"itel P55 (Moonlit Black, 128 GB)",7599,16.66,6.56
"Apple iPhone 14 Plus (Blue, 256 GB)",68999,17.02,6.7
KARBONN Jumbo K9,1266,6.1,2.4
"SAMSUNG Galaxy A14 5G (Dark Red, 128 GB)",14999,16.76,6.6
"realme NARZO 70X 5G (FOREST GREEN, 128 GB)",13287,17.07,6.72
"SAMSUNG Galaxy S23 FE (Purple, 256 GB)",41999,16.26,6.4
LAVA A3 Vibe,1212,4.5,1.77
MTR M310,650,4.5,1.77
"realme Narzo 70 Pro 5G (Glass Gold, 128 GB)",18743,16.94,6.67
"REDMI A3 (Lake Blue, 128 GB)",8840,17.04,6.71
KARBONN K9 Yuva Keypad Mobile| 2500 mAh Battery|2MP Camera|Expandable Memory up to 32GB,1159,4.57,1.8
itel it2175 Pro | 2 inch Big Display | 1200 mAh Battery | Kingvoice,1097,5.08,2.0
"Tecno Pova 5 Pro 5G (Silver Fantasy, 128 GB)",14999,17.22,6.78
GFive U220+,599,4.57,1.8
"SAMSUNG Galaxy M34 5G without charger (Prism Silver, 128 GB)",14617,16.51,6.5
Kechaoda A26,924,1.68,0.66
Kechaoda K115,1049,3.66,1.44
KARBONN K9 Yuva Keypad Mobile| 2500 mAh Battery|2MP Camera|Expandable Memory up to 32GB,1162,4.57,1.8
KARBONN K9 Yuva Keypad Mobile| 2500 mAh Battery|2MP Camera|Expandable Memory up to 32GB,1170,4.57,1.8
"OPPO A59 5G (Starry Black, 128 GB)",13999,16.66,6.56
"itel P55 (Aurora Blue, 128 GB)",7133,16.66,6.56
DIZO Star 300,1070,4.5,1.77
Kechaoda A26,930,1.68,0.66
"OPPO A79 5G (Glowing Green, 128 GB)",17499,17.07,6.72
"SAMSUNG Galaxy M34 5G without charger (Prism Silver, 128 GB)",16425,16.51,6.5
"REDMI A3 (Midnight Black, 128 GB)",7999,17.04,6.71
"OPPO F25 Pro 5G (Lava Red, 256 GB)",25999,17.02,6.7
"Honor 90 5G (Midnight Black, 512 GB)",28599,17.02,6.7
SAMSUNG GT-E1215ZDAINS,1299,3.81,1.5
"OPPO A18 (Glowing Black, 64 GB)",8999,16.66,6.56
"OPPO F25 Pro 5G (Ocean Blue, 128 GB)",23999,17.02,6.7
Kechaoda K115,1040,3.66,1.44
"SAMSUNG Galaxy M04 (Dark Blue, 64 GB)",8499,16.51,6.5
"IQOO Z9 (Brushed Green, 128 GB)",19778,17.22,6.78
"REDMI A3 (Olive Green, 64 GB)",6999,17.04,6.71
Snexian BOLD 1K,992,3.66,1.44
Snexian BOLD 1K,998,3.66,1.44
"realme NARZO 70 5G (FOREST GREEN, 128 GB)",16579,16.94,6.67
"realme NARZO 70 5G (ICE BLUE, 128 GB)",16509,16.94,6.67
Kechaoda A26_Pink,940,1.68,0.66
"SAMSUNG Galaxy A35 5G (Awesome Lilac, 256 GB)",33999,16.76,6.6
"SAMSUNG Galaxy A15 5G (Light Blue, 256 GB)",22499,16.51,6.5
"MOTOROLA G8 Power Lite (Arctic Blue, 64 GB)",7264,16.51,6.5
"itel A70 (Starlish Black, 256 GB)",7289,16.76,6.6
"Tecno Pova 6 Pro 5G (Meteorite Grey, 256 GB)",19999,17.22,6.78
LAVA A5 Blue silver S,1244,6.1,2.4
Nokia 2660 DS 4G Flip,4975,7.11,2.8
Nokia 2660 DS 4G Flip,4950,7.11,2.8
Kechaoda K115,1069,3.66,1.44
Kechaoda K115,1015,3.66,1.44
"OPPO A58 (Glowing Black, 128 GB)",12999,17.07,6.72
itel MagicX Play 4G| 1900 mAh battery| Expandable Storage upto 64GB,1326,4.57,1.8
Nokia 106,1483,17.02,6.7
"OnePlus 12R (Cool Blue, 256 GB)",39790,17.22,6.78
"Apple iPhone 12 (Black, 64 GB)",39999,15.49,6.1
"SAMSUNG Galaxy A35 5G (Awesome Lilac, 128 GB)",30999,16.76,6.6
"SAMSUNG Galaxy F54 5G (Stardust Silver, 256 GB)",22999,17.02,6.7
Micromax X513+,1095,4.5,1.77
itel it5262,1399,6.1,2.4
"SAMSUNG Galaxy M15 5G (Stone Grey, 128 GB)",13399,16.51,6.5
"Apple iPhone 13 (Green, 128 GB)",52999,15.49,6.1
"itel A70 (Field Green, 256 GB)",7390,16.76,6.6
"SAMSUNG Galaxy M34 5G (Waterfall Blue, 128 GB)",15820,16.51,6.5
"realme NARZO 70X 5G (FOREST GREEN, 128 GB)",12389,17.07,6.72
"Apple iPhone 15 Plus (Black, 128 GB)",76999,17.02,6.7
SAMSUNG Sm-B110E/D,1699,800.0,
"OPPO F25 Pro 5G (Lava Red, 128 GB)",23999,17.02,6.7
Micromax X513+,1007,4.5,1.77
"LAVA YUVA 2 PRO (Glass Green, 64 GB)",6999,16.51,6.5
Snexian GURU 311,599,4.57,1.8
"OPPO Reno11 5G (Rock Grey, 128 GB)",27999,17.02,6.7
itel it5330 | 2.8 inch Big Display | 1900 mAh Battery | Kingvoice,1549,7.11,2.8
itel Muzik 430,1563,6.1,2.4
"Apple iPhone 13 (Starlight, 256 GB)",62999,15.49,6.1
"SAMSUNG Galaxy F04 (Opal Green, 64 GB)",7999,16.51,6.5
"POCO C51 - Locked with Airtel Prepaid (Power Black, 64 GB)",8499,16.56,6.52
"OPPO A18 (Glowing Blue, 64 GB)",8999,16.66,6.56
"REDMI A3 (Midnight Black, 64 GB)",6999,17.04,6.71
"itel S23 (Starry Black, 128 GB)",7303,16.51,6.5
itel MagicX 4G| 1200 mAh battery| Expanadable Storage upto 64GB,1385,6.1,2.4
SAREGAMA Carvaan Keypad phone Bhojpuri M21 with Pre-loaded Hindi & Bhojpuri songs,2455,6.1,2.4
MTR FERRARI,1322,4.5,1.77
"IQOO Z9 5G (Graphene Blue, 128 GB)",19778,16.94,6.67
"Google Pixel 7 (Snow, 128 GB)",43999,16.0,6.3
"OPPO Reno11 Pro 5G (Pearl White, 256 GB)",37999,17.02,6.7
"SAMSUNG Galaxy A14 5G (Light Green, 128 GB)",17999,16.76,6.6
"SAMSUNG Galaxy A05 (Silver, 64 GB)",9999,17.12,6.74
Micromax X1i Flip,1742,6.1,2.4
"REDMI Note 13 5G (Stealth Black, 128 GB)",16999,16.94,6.67
"POCO C55 (Cool Blue, 128 GB)",7999,17.04,6.71
"POCO M6 Pro 5G (Forest Green, 256 GB)",14999,17.25,6.79
UiSmart Ui-06,1511,4.5,1.77
"realme Narzo N55 (Prime Blue, 128 GB)",0,17.07,6.72
"realme narzo 70 5G (Ice Blue, 128 GB)",15196,16.94,6.67
MTR Ferrari,1320,4.5,1.77
Lvix L1 CAR,1399,4.5,1.77
MTR M310,690,4.5,1.77
"REDMI Note 13 Pro+ 5G (Fusion White, 512 GB)",34999,16.94,6.67
"Infinix HOT 30 5G (Miami Orange, 128 GB)",13499,17.22,6.78
"Infinix HOT 30 5G (Aurora Blue, 128 GB)",13499,17.22,6.78
"vivo Y18 (Space Black, 128 GB)",9999,16.66,6.56
"Nokia C32 (Beach pink, 128 GB)",7399,16.56,6.52
"vivo Y18 (Gem Green, 128 GB)",9999,16.66,6.56
Nokia 106,1699,17.02,6.7
"Nothing Phone (2) (Dark Grey, 256 GB)",40999,17.02,6.7
"Nothing Phone (2) (White, 256 GB)",40999,17.02,6.7
"Nothing Phone (2) (Dark Grey, 512 GB)",49999,17.02,6.7
"Apple iPhone 12 (White, 64 GB)",39999,15.49,6.1
Jio PRIMA 4G,3298,6.1,2.4
"REDMI Note 13 5G (Arctic White, 128 GB)",16398,16.94,6.67
Good One G5605N,979,4.57,1.8
Nokia 105 Classic with Charger,1149,4.5,1.77
"REDMI Note 13 Pro+ 5G (Fusion Purple, 256 GB)",32999,16.94,6.67
Nokia 105 Classic with Charger,1199,4.5,1.77
"vivo Y18 (Gem Green, 64 GB)",8999,16.66,6.56
LAVA Gem 21,1675,7.11,2.8
Micromax X513+,1092,4.5,1.77
itel Ace2 Heera | King Talker | Auto Call Recording | Expendable Storage32GB,840,4.57,1.8
itel Ace2 Heera | King Talker | Auto Call Recording | Expendable Storage32GB,835,4.57,1.8
"REDMI 13C (Starshine Green, 128 GB)",8349,17.12,6.74
Micromax J2,0,4.5,1.77
"OPPO A17k (Blue, 64 GB)",8499,16.66,6.56
"SAMSUNG Galaxy S23 Ultra 5G (Cream, 256 GB)",124999,17.27,6.8
"REDMI 10A (Charcoal Black, 32 GB)",7499,16.59,6.53
SAMSUNG Metro 313,2279,,
"REDMI 13C (Stardust Black, 128 GB)",8780,17.12,6.74
BlackZone FLIPPER X Dual Screen 2.4 & 1.8 Inch Dual Micro SIM,1751,6.1,2.4
"I Kall King Talking, Contact icon and Auto Call Recording",785,6.1,2.4
"REDMI A3 (Olive Green, 128 GB)",8435,17.04,6.71
"realme NARZO 70X 5G (ICE BLUE, 128 GB)",12147,17.07,6.72
"Nothing Phone (2) (White, 128 GB)",37999,17.02,6.7
"REDMI 12 (Pastel Blue, 128 GB)",9188,17.25,6.79
"MOTOROLA G8 Power Lite (Royal Blue, 64 GB)",7276,16.51,6.5
Nokia 130 M DS 2023,1833,6.1,2.4
"Infinix HOT 30i (Diamond White, 128 GB)",9499,16.76,6.6
"itel A60 (DawnBlue, 32 GB)",5799,16.76,6.6
"SAMSUNG Galaxy M34 5G without charger (Midnight Blue, 128 GB)",16489,16.51,6.5
"realme C67 5G (Sunny Oasis, 128 GB)",14999,17.07,6.72
"Nothing Phone (2) (White, 512 GB)",49999,17.02,6.7
Jio V2 Keypad Phone (UPI) Locked,1140,4.5,1.77
itel Muzik 110| 1900 mAh battery| Expandable Storage upto 32GB,1599,4.57,1.8
"REDMI 13C (Stardust Black, 256 GB)",10999,17.12,6.74
"itel Aura 05i|Leather Finish|4000 Mah Battery|Type C Charging Support (Nebula Black, 32 GB)",5599,16.76,6.6
"Apple iPhone 13 (Midnight, 128 GB)",52999,15.49,6.1
"Apple iPhone 13 (Pink, 256 GB)",62999,15.49,6.1
"POCO C50 (Country Green, 32 GB)",6499,16.56,6.52
"Infinix HOT 30i (Marigold, 128 GB)",8499,16.76,6.6
"Nokia C32 (Breezy Mint, 128 GB)",7999,16.55,6.517
"Nokia C32 (Beach Pink, 128 GB)",7999,16.55,6.517
"Motorola e13 (Cosmic Black, 128 GB)",7999,16.51,6.5
Kechaoda K9,1174,6.1,2.4
"REDMI 13C (Stardust Black, 128 GB)",9999,17.12,6.74
IAIR D7 MINI,749,4.57,1.8
"OPPO Reno11 Pro 5G (Rock Grey, 256 GB)",37999,17.02,6.7
"OnePlus N20 SE (JADE WAVE, 128 GB)",11899,16.66,6.56
"realme Narzo N55 (Prime Black, 64 GB)",11490,17.07,6.72
Kechaoda K66 The Music House 4,1117,3.66,1.44
"REDMI A2 (Sea Green, 64 GB)",7110,16.56,6.52
LAVA A1 Vibe,899,4.5,1.77
"Infinix HOT 30 5G (Miami Orange, 128 GB)",12499,17.22,6.78
itel it2163S,926,4.57,1.8
"Micromax IN 2B (Black, 64 GB)",7999,16.56,6.52
"Google Pixel 8 (Hazel, 128 GB)",69999,15.75,6.2
"Google Pixel 8 (Mint, 128 GB)",69999,15.75,6.2
"REDMI Note 13 5G (Prism Gold, 256 GB)",18999,16.94,6.67
"Micromax IN 2B (Blue, 64 GB)",6999,16.56,6.52
"realme C67 5G (Dark Purple, 128 GB)",14999,17.07,6.72
"IQOO Z6 Lite 5G (With Charger) (Stellar Green, 128 GB)",12510,16.97,6.68
itel it2163S,929,4.57,1.8
DIZO Star 300,1068,4.5,1.77
"SAMSUNG Galaxy M34 5G without charger (Midnight Blue, 128 GB)",14359,16.51,6.5
"REDMI A2 (Classic Black, 32 GB)",6699,16.56,6.52
itel IT2163S,970,4.57,1.8
"vivo V29e 5G (Artistic Blue, 256 GB)",26299,17.22,6.78
"vivo Y21T (Midnight Blue, 128 GB)",12655,16.71,6.58
"REDMI 12 5G (Jade Black, 128 GB)",11350,17.25,6.79
"Samsung Galaxy S21 FE 5G with Snapdragon 888 (Olive, 128 GB)",28999,16.26,6.4
"Honor 90 5G (Emerald Green, 512 GB)",28499,17.02,6.7
"Nokia 225 4G DS Keypad Mobile with Long Battery Life,Built-in Camera",3790,6.1,2.4
"LAVA O1 (Prism Blue, 64 GB)",7280,16.66,6.56
"Google Pixel 8a (Obsidian, 256 GB)",59999,15.49,6.1
"LAVA Hero Glow DS Keypad Mobile, FM Radio, Call Recording,Expandable Upto 32 GB",818,4.57,1.8
"REDMI A1+ (Light Green, 32 GB)",7499,16.56,6.52
"LAVA Blaze 2 (Glass Orange, 128 GB)",7949,16.51,6.5
"REDMI Note 13 Pro+ 5G (Fusion Black, 256 GB)",33999,16.94,6.67
KARBONN K110i,856,4.57,1.8
KARBONN K9 Victory,1479,6.1,2.4
Kechaoda K9,1152,6.1,2.4
"LAVA Yuva 3 with Dual Sim|5000 mAh Battery|13MP Rear Camera |Expandable Upto 512 GB (Galaxy White, 64 ...",7047,16.51,6.5
"REDMI Note 13 Pro 5G (Arctic White, 256 GB)",26999,16.94,6.67
Easyfone Shield,6499,7.11,2.8
"Nokia 225 4G DS Keypad Mobile with Long Battery Life,Built-in Camera",4049,6.1,2.4
"Nokia 225 4G DS Keypad Mobile with Long Battery Life,Built-in Camera",4106,6.1,2.4
"SAMSUNG Galaxy Z Flip3 5G (Phantom Black, 128 GB)",37999,17.02,6.7
"POCO M4 Pro (Power Black, 64 GB)",14999,16.33,6.43
"OPPO A58 (Dazzling Green, 128 GB)",12999,17.07,6.72
"POCO C55 (Forest Green, 128 GB)",7999,17.04,6.71
"realme C55 (Rainforest, 128 GB)",13999,17.07,6.72
"realme C55 (Rainy Night, 128 GB)",13999,17.07,6.72
"itel P55T (Astral Gold, 128 GB)",7388,16.66,6.56
"LAVA Blaze 5G (Glass Blue, 128 GB)",11153,16.51,6.5
KARBONN KX 29,1397,6.1,2.4
"Apple iPhone 12 (Blue, 64 GB)",39999,15.49,6.1
"Honor X9b (Midnight Black, 256 GB)",22998,17.22,6.78
I Kall K3310,729,4.57,1.8
"Google Pixel 8 (Obsidian, 128 GB)",69999,15.75,6.2
Snexian Rock,1366,4.32,1.7
"I Kall Z19 Pro-Gold (Beige, 64 GB)",6988,16.51,6.5
"POCO C51 - Locked with Airtel Prepaid (Royal Blue, 64 GB)",8499,16.56,6.52
KARBONN K9 Victory,1495,6.1,2.4
"realme Narzo 60 5G (Mars Orange, 128 GB)",15705,16.33,6.43
"SAMSUNG Galaxy M04 (Light Green, 64 GB)",8499,16.51,6.5
ringme FLIP FM-1,1716,6.1,2.4
"Apple iPhone 15 (Pink, 256 GB)",74999,15.49,6.1
KARBONN KX 29,1309,6.1,2.4
"Nokia C32 (Charcoal, 128 GB)",7999,16.55,6.517
I Kall K3310,621,4.5,1.77
Kechaoda K33,1049,3.56,1.4
"itel it2163s 4.5cm,1200mAh,BT Caller,12+1 Month Warranty with 111 Days Replacement",924,4.57,1.8
"Google Pixel 7 (Obsidian, 128 GB)",43999,16.0,6.3
itel it5027,1299,6.1,2.4
"Google Pixel 7a (Charcoal, 128 GB)",36999,15.49,6.1
"REDMI Note 13 Pro 5G (Coral Purple, 256 GB)",26999,16.94,6.67
"realme C55 (Sunshower, 128 GB)",13999,17.07,6.72
"Google Pixel 7 (Lemongrass, 128 GB)",43999,16.0,6.3
I Kall K3310,709,4.5,1.77
"IQOO Neo9 Pro (Conqueror Black, 256 GB)",38499,17.22,6.78
"IQOO Neo9 Pro (Fiery Red, 256 GB)",37890,17.22,6.78
"REDMI Note 11 (Horizon Blue, 64 GB)",10520,16.33,6.43
"REDMI Note 12 5G (Mystique Blue, 128 GB)",13799,16.94,6.67
Kechaoda K66 The Music House 4,1199,4.57,1.8
Micromax X512,899,4.5,1.77
LAVA Gem 21,1499,7.11,2.8
itel MagicX 4G| 1200 mAh battery| Expanadable Storage upto 64GB,1378,6.1,2.4
"REDMI 12C (Matte Black, 128 GB)",9488,17.04,6.71
"realme C55 (Rainy Night, 64 GB)",8999,17.07,6.72
Kechaoda K60,1769,6.1,2.4
BlackZone ECO X,1527,4.5,1.77
"itel it2163s 4.5cm,1200mAh,BT Caller,12+1 Month Warranty with 111 Days Replacement",929,4.57,1.8
Jio B1,1590,6.1,2.4
Kechaoda K55,1149,4.57,1.8
Kechaoda K55,1077,4.57,1.8
"SAMSUNG Galaxy S24+ 5G (Onyx Black, 256 GB)",94999,17.02,6.7
"vivo Y35 (Dawn Gold, 128 GB)",13977,16.71,6.58
Motorola a10,1149,4.57,1.8
BlackZone ECO X,1524,4.5,1.77
"vivo V29e 5G (Artistic Blue, 128 GB)",25999,17.22,6.78
"LAVA Blaze Pro 5G with Dual Sim|50MP Rear Camera|5000 mAh Battery|Expandable Upto 1TB (Starry Night, 1...",12847,17.22,6.78
ringme DUKE,617,4.57,1.8
"SAMSUNG Galaxy M15 5G (Stone Grey, 128 GB)",11800,16.51,6.5
"itel P55 (Moonlit Black, 128 GB)",7998,16.76,6.6
"Tecno Spark Go 2023 (UYUNI BLUE, 64 GB)",6499,16.66,6.56
"OnePlus 10 Pro 5G (Emerald Forest, 128 GB)",39999,17.02,6.7
Good One G115,988,3.66,1.44
KARBONN KX30 Dual Sim Keypad Mobile|1200 mAh Battery|0.3MP Camera|Expandable Upto 32 GB,1228,6.1,2.4
Kechaoda K66 The Music House 4,1169,4.57,1.8
"itel Vision2S (Deep Blue, 32 GB)",5990,16.56,6.52
"SAMSUNG Galaxy A14 5G (Black, 128 GB)",14999,16.76,6.6
Nokia 105,1179,3.56,1.4
"SAMSUNG Galaxy S24 Ultra 5G (Titanium Gray, 256 GB)",129999,17.27,6.8
ringme DUKE,755,4.57,1.8
"Honor X9b (Sunrise Orange, 256 GB)",22999,17.22,6.78
"POCO X5 Pro 5G (Yellow, 128 GB)",18460,16.94,6.67
"Google Pixel 8 (Hazel, 256 GB)",77999,15.75,6.2
KARBONN Kphone1,1171,6.1,2.4
"LAVA A5 2023 Keypad Mobile, LED Torch, FM Radio,Call Recording, Expandable Upto 32 GB",1215,6.1,2.4
Lvix L1 CAR,1360,4.5,1.77
"realme C30s (Stripe Blue, 64 GB)",7957,16.51,6.5
"SAMSUNG Galaxy Z Flip5 (Lavender, 512 GB)",109999,17.02,6.7
Kechaoda K-55 Plus,1137,4.5,1.77
"REDMI Note 12 5G (Matte Black, 256 GB)",16975,16.94,6.67
"REDMI 9 Activ (Metallic Purple, 128 GB)",0,16.59,6.53
"Motorola g54 5G (Mint Green, 128 GB)",14999,16.51,6.5
Nokia 150 DS 2023,2839,6.1,2.4
"SAMSUNG GALAXY M13 (Aqua Green, 64 GB)",9769,16.76,6.6
"Apple iPhone 15 Plus (Black, 256 GB)",86999,17.02,6.7
"REDMI A3 (Midnight Black, 128 GB)",8873,17.04,6.71
"vivo V30 Pro 5G (Andaman Blue, 512 GB)",46999,17.22,6.78
"vivo V30 Pro 5G (Classic Black, 512 GB)",46999,17.22,6.78
"SAMSUNG Galaxy A05 (Black, 64 GB)",9999,17.12,6.74
SIAVANTAGE PRO FLIP 1,1699,6.1,2.4
"realme C55 (Sunshower, 64 GB)",8999,17.07,6.72
"LAVA Blaze (Glass Blue, 64 GB)",7999,16.51,6.5
"itel A70 (Briiliant Gold, 256 GB)",7499,16.76,6.6
"realme C30s (Stripe Black, 64 GB)",7999,16.51,6.5
"Apple iPhone 14 ((PRODUCT)RED, 128 GB)",58999,15.49,6.1
"Tecno Spark 10 Pro (Starry Black, 128 GB)",9099,17.22,6.78
